{
  "file_name": "base",
  "texture_size": [
    512,
    512
  ],
  "textures": {
    "layer0": "manamodels:entity/scifidoor"
  },
  "elements": [
    {
      "name": "base_0",
      "from": [
        -31.600006,
        7.9500017,
        0.15000153
      ],
      "to": [
        32.0,
        8.550002,
        16.350002
      ],
      "rotation": {
        "angle": 0.0,
        "axis": "z",
        "origin": [
          0.19999695,
          8.0,
          8.0
        ]
      },
      "faces": {
        "down": {
          "uv": [
            0.0,
            0.84375,
            3.3125,
            1.6875
          ],
          "texture": "#layer0",
          "tintindex": 0
        },
        "east": {
          "uv": [
            3.4375,
            2.25,
            4.28125,
            2.28125
          ],
          "texture": "#layer0",
          "tintindex": 0
        },
        "north": {
          "uv": [
            5.3125,
            0.65625,
            8.625,
            0.6875
          ],
          "texture": "#layer0",
          "tintindex": 0
        },
        "south": {
          "uv": [
            5.3125,
            4.28125,
            8.625,
            4.3125
          ],
          "texture": "#layer0",
          "tintindex": 0
        },
        "up": {
          "uv": [
            3.3125,
            0.84375,
            0.0,
            0.0
          ],
          "texture": "#layer0",
          "tintindex": 0
        },
        "west": {
          "uv": [
            3.4375,
            2.28125,
            4.28125,
            2.3125
          ],
          "texture": "#layer0",
          "tintindex": 0
        }
      }
    }
  ],
  "display": {
    "head": {
      "translation": [
        29.714111,
        -6.4,
        0.0
      ],
      "rotation": [
        0.0,
        0.0,
        0.0
      ],
      "scale": [
        3.8095,
        3.8095,
        3.8095
      ]
    },
    "gui": {
      "translation": [
        0.0,
        0.0,
        0.0
      ],
      "rotation": [
        35.0,
        225.0,
        0.0
      ],
      "scale": [
        0.625,
        0.625,
        0.625
      ]
    }
  }
}